"","Date","Umpire","Home","Away","R [H]","R [A]","PC","IC","xIC","CC","xCC","CCAx","Acc","xAcc","AAx","Con","Fav [H]","totRI"
"","2023-07-03","CB Bucknor","MIA","STL","5","4","135","13","8.1","122","126.9","-4.9","90.4","94","-3.7","90.4","-0.62","1.6"
"","2023-06-17","CB Bucknor","CHC","BAL","3","2","143","13","8.5","130","134.5","-4.5","90.9","94.1","-3.2","94.4","0.15","1.73"
"","2023-06-12","CB Bucknor","KC","CIN","4","5","191","15","14.5","176","176.5","-0.5","92.1","92.4","-0.3","90.6","0.16","2.18"
"","2023-06-07","CB Bucknor","TB","MIN","2","1","131","7","9.2","124","121.8","2.2","94.7","93","1.7","94.7","0.21","0.69"
"","2023-05-31","CB Bucknor","SEA","NYY","1","0","128","13","9.6","115","118.4","-3.4","89.8","92.5","-2.6","90.6","-0.22","0.88"
"","2023-05-27","CB Bucknor","LAA","MIA","5","8","189","10","12","179","177","2","94.7","93.6","1.1","95.8","1.03","1.95"
"","2023-05-22","CB Bucknor","KC","DET","5","8","200","17","10.8","183","189.2","-6.2","91.5","94.6","-3.1","93","-0.32","2.66"
"","2023-05-18","CB Bucknor","NYM","TB","3","2","129","6","9","123","120","3","95.3","93","2.4","93","0.36","0.94"
"","2023-05-08","CB Bucknor","CHC","STL","1","3","175","10","10.1","165","164.9","0.1","94.3","94.2","0.1","92","-0.04","1.16"
"","2023-04-27","CB Bucknor","PIT","LAD","6","2","122","10","7.3","112","114.7","-2.7","91.8","94","-2.2","91","0.17","0.85"
"","2023-04-22","CB Bucknor","ATL","HOU","3","6","126","8","9.1","118","116.9","1.1","93.7","92.8","0.9","95.2","-0.11","0.87"
"","2023-04-18","CB Bucknor","CWS","PHI","4","7","175","5","8.8","170","166.2","3.8","97.1","95","2.2","96.6","0.61","0.79"
"","2023-04-05","CB Bucknor","HOU","DET","8","2","170","10","8.4","160","161.6","-1.6","94.1","95.1","-1","95.3","-0.01","0.81"
"","2023-04-01","CB Bucknor","TEX","PHI","16","3","203","13","13.3","190","189.7","0.3","93.6","93.4","0.2","93.6","2.63","4.07"
"","2022-10-04","CB Bucknor","LAD","COL","2","5","135","11","9.8","124","125.2","-1.2","91.9","92.7","-0.9","91.9","0.11","0.95"
"","2022-09-30","CB Bucknor","SF","AZ","10","4","161","9","9.2","152","151.8","0.2","94.4","94.3","0.1","95.7","-0.16","0.88"
"","2022-09-25","CB Bucknor","CWS","DET","1","4","142","6","6.2","136","135.8","0.2","95.8","95.6","0.1","97.9","0.51","0.81"
"","2022-09-21","CB Bucknor","KC","MIN","5","2","144","10","9.2","134","134.8","-0.8","93.1","93.6","-0.6","91","-0.83","1.47"
"","2022-09-17","CB Bucknor","TB","TEX","5","1","125","12","9.6","113","115.4","-2.4","90.4","92.3","-1.9","93.6","-0.2","1.12"
"","2022-09-13","CB Bucknor","MIA","PHI","1","2","123","4","5.2","119","117.8","1.2","96.7","95.8","1","95.9","-0.16","0.32"
"","2022-09-04","CB Bucknor","NYM","WSH","1","7","139","9","6.8","130","132.2","-2.2","93.5","95.1","-1.6","91.4","0.2","0.96"
"","2022-08-31","CB Bucknor","ATL","COL","3","2","136","15","13","121","123","-2","89","90.4","-1.5","85.3","-0.52","1.38"
"","2022-08-26","CB Bucknor","MIL","CHC","3","4","183","15","10.7","168","172.3","-4.3","91.8","94.1","-2.3","92.3","-0.31","1.55"
"","2022-08-21","CB Bucknor","AZ","STL","4","6","163","9","8.9","154","154.1","-0.1","94.5","94.6","-0.1","96.3","-0.3","1.52"
"","2022-08-07","CB Bucknor","NYM","ATL","5","2","127","17","8.9","110","118.1","-8.1","86.6","93","-6.4","92.1","0.99","2.51"
"","2022-08-03","CB Bucknor","NYY","SEA","3","7","145","16","10.5","129","134.5","-5.5","89","92.8","-3.8","89.7","1.73","2.47"
"","2022-07-23","CB Bucknor","PHI","CHC","2","6","160","13","10.4","147","149.6","-2.6","91.9","93.5","-1.6","93.8","-0.18","1.46"
"","2022-07-13","CB Bucknor","LAA","HOU","7","1","175","18","15","157","160","-3","89.7","91.4","-1.7","89.1","0.16","2.04"
"","2022-07-07","CB Bucknor","SEA","TOR","8","3","138","13","10.9","125","127.1","-2.1","90.6","92.1","-1.5","92","0.14","1.32"
"","2022-07-02","CB Bucknor","DET","KC","4","3","146","10","11.4","136","134.6","1.4","93.2","92.2","1","90.4","-0.64","1.44"
"","2022-06-25","CB Bucknor","ATL","LAD","5","3","133","14","10.8","119","122.2","-3.2","89.5","91.9","-2.4","91.7","0.76","2.12"
"","2022-06-21","CB Bucknor","MIA","COL","9","8","180","15","8.2","165","171.8","-6.8","91.7","95.5","-3.8","92.8","-0.51","2.49"
"","2022-06-17","CB Bucknor","BAL","TB","1","0","124","6","7.4","118","116.6","1.4","95.2","94","1.1","92.7","-0.11","0.51"
"","2022-06-13","CB Bucknor","CHC","SD","1","4","104","10","6.7","94","97.3","-3.3","90.4","93.5","-3.1","94.2","0.16","0.76"
"","2022-06-02","CB Bucknor","LAD","NYM","2","0","140","11","7.4","129","132.6","-3.6","92.1","94.7","-2.6","92.9","-0.27","1.81"
"","2022-05-29","CB Bucknor","SD","PIT","4","2","138","10","7.9","128","130.1","-2.1","92.8","94.3","-1.5","92","-1.2","1.44"
"","2022-05-24","CB Bucknor","MIN","DET","2","0","154","11","8.7","143","145.3","-2.3","92.9","94.4","-1.5","92.2","0.2","1.66"
"","2022-05-18","CB Bucknor","TEX","LAA","6","5","162","19","11.1","143","150.9","-7.9","88.3","93.2","-4.9","89.5","-0.27","2.65"
"","2022-05-08","CB Bucknor","ATL","MIL","9","2","155","13","9.5","142","145.5","-3.5","91.6","93.9","-2.3","92.3","0.24","2.32"
"","2022-05-03","CB Bucknor","HOU","SEA","4","0","153","13","10","140","143","-3","91.5","93.5","-2","89.5","0.5","1.96"
"","2022-04-29","CB Bucknor","KC","NYY","2","12","145","10","9.2","135","135.8","-0.8","93.1","93.7","-0.6","89.7","-0.23","0.99"
"","2022-04-25","CB Bucknor","PHI","COL","8","2","149","12","11.5","137","137.5","-0.5","91.9","92.3","-0.3","87.2","-0.54","2.68"
"","2022-04-13","CB Bucknor","DET","BOS","7","9","177","5","6.5","172","170.5","1.5","97.2","96.3","0.8","94.9","-1.2","1.2"
"","2022-04-09","CB Bucknor","TB","BAL","5","3","115","15","7.8","100","107.2","-7.2","87","93.2","-6.2","92.2","-0.46","2.74"
"","2021-09-29","CB Bucknor","SEA","OAK","4","2","142","11","9.5","131","132.5","-1.5","92.3","93.3","-1.1","88.7","0.28","1.34"
"","2021-09-18","CB Bucknor","NYM","PHI","3","5","150","11","10.4","139","139.6","-0.6","92.7","93.1","-0.4","96","0.61","1.25"
"","2021-09-14","CB Bucknor","ATL","COL","4","5","163","15","10.8","148","152.2","-4.2","90.8","93.4","-2.6","92","0.16","1.68"
"","2021-08-29","CB Bucknor","TEX","HOU","13","2","149","9","9.1","140","139.9","0.1","94","93.9","0.1","95.3","0.14","0.7"
"","2021-08-25","CB Bucknor","MIL","CIN","4","1","134","6","8.5","128","125.5","2.5","95.5","93.7","1.9","94.8","0.74","1.48"
"","2021-08-20","CB Bucknor","STL","PIT","0","4","151","9","9","142","142","0","94","94.1","0","93.4","0.16","0.84"
"","2021-08-05","CB Bucknor","COL","CHC","6","5","127","6","6","121","121","0","95.3","95.3","0","95.3","-0.66","0.88"
"","2021-07-31","CB Bucknor","ATL","MIL","8","1","138","9","9.4","129","128.6","0.4","93.5","93.2","0.3","93.5","0.23","1.23"
"","2021-07-27","CB Bucknor","KC","CWS","3","5","127","11","9","116","118","-2","91.3","93","-1.6","92.1","0.31","1.17"
"","2021-07-23","CB Bucknor","CIN","STL","6","5","174","13","9.3","161","164.7","-3.7","92.5","94.7","-2.1","93.1","1.4","1.74"
"","2021-07-19","CB Bucknor","DET","TEX","14","0","157","16","10.4","141","146.6","-5.6","89.8","93.4","-3.6","91.1","-0.71","1.95"
"","2021-07-16","CB Bucknor","PHI","MIA","5","2","125","11","5.9","114","119.1","-5.1","91.2","95.3","-4.1","93.6","-0.51","1.69"
"","2021-07-08","CB Bucknor","SD","WSH","9","8","156","9","7.9","147","148.1","-1.1","94.2","94.9","-0.7","93.6","-1.07","1.33"
"","2021-07-04","CB Bucknor","PIT","MIL","2","0","115","9","6.9","106","108.1","-2.1","92.2","94","-1.8","92.2","-0.12","1.06"
"","2021-06-30","CB Bucknor","HOU","BAL","2","5","192","25","12.8","167","179.2","-12.2","87","93.3","-6.3","88.5","0.11","3.71"
"","2021-06-19","CB Bucknor","WSH","NYM","6","2","100","8","3.7","92","96.3","-4.3","92","96.3","-4.3","93","0.95","1.75"
"","2021-06-16","CB Bucknor","TOR","NYY","2","3","132","8","6.2","124","125.8","-1.8","93.9","95.3","-1.4","92.4","0.39","0.89"
"","2021-06-04","CB Bucknor","SF","CHC","8","5","177","10","10.9","167","166.1","0.9","94.4","93.9","0.5","92.1","0.33","1.03"
"","2021-05-28","CB Bucknor","BOS","MIA","5","2","99","6","7.9","93","91.1","1.9","93.9","92","1.9","90.9","0.78","0.88"
"","2021-05-24","CB Bucknor","NYM","COL","2","3","138","9","8.5","129","129.5","-0.5","93.5","93.8","-0.4","93.5","0.29","0.77"
"","2021-05-20","CB Bucknor","LAA","MIN","3","6","150","16","9.7","134","140.3","-6.3","89.3","93.5","-4.2","90","-0.9","1.88"
"","2021-05-16","CB Bucknor","LAD","MIA","2","3","161","10","7","151","154","-3","93.8","95.7","-1.9","96.9","0.51","1.21"
"","2021-05-12","CB Bucknor","AZ","MIA","2","3","127","11","11.7","116","115.3","0.7","91.3","90.8","0.5","89.8","-0.65","1.69"
"","2021-05-02","CB Bucknor","SD","SF","1","7","169","8","9.7","161","159.3","1.7","95.3","94.2","1","94.7","0.13","0.71"
"","2021-04-28","CB Bucknor","SF","COL","7","3","189","10","12","179","177","2","94.7","93.6","1.1","93.7","-1.29","1.81"
"","2021-04-24","CB Bucknor","COL","PHI","5","7","156","12","10.4","144","145.6","-1.6","92.3","93.3","-1","95.5","-0.13","1.33"
"","2021-04-19","CB Bucknor","PHI","SF","0","2","161","9","9.6","152","151.4","0.6","94.4","94","0.4","94.4","0","0.72"
"","2021-04-07","CB Bucknor","DET","MIN","2","3","105","3","5.1","102","99.9","2.1","97.1","95.1","2","93.3","0.39","0.39"
"","2021-04-03","CB Bucknor","MIL","MIN","0","2","131","13","8.3","118","122.7","-4.7","90.1","93.6","-3.6","90.8","0.26","0.96"
"","2020-10-06","CB Bucknor","TB","NYY","7","5","171","13","9.1","158","161.9","-3.9","92.4","94.7","-2.3","91.8","1.23","2.25"
"","2020-09-27","CB Bucknor","NYY","MIA","0","5","155","14","10.8","141","144.2","-3.2","91","93","-2.1","93.5","-0.32","2.42"
"","2020-09-17","CB Bucknor","NYY","TOR","10","7","173","12","10.8","161","162.2","-1.2","93.1","93.8","-0.7","93.1","-0.69","2.05"
"","2020-09-06","CB Bucknor","BAL","NYY","5","1","157","8","9.4","149","147.6","1.4","94.9","94","0.9","97.5","0.17","0.79"
"","2020-09-03","CB Bucknor","PIT","CHC","6","2","159","8","10.4","151","148.6","2.4","95","93.4","1.5","95","0.03","0.95"
"","2020-08-30","CB Bucknor","MIL","PIT","1","5","158","10","10.7","148","147.3","0.7","93.7","93.2","0.5","90.5","-0.57","2.23"
"","2020-08-25","CB Bucknor","CWS","PIT","4","0","108","8","6.7","100","101.3","-1.3","92.6","93.8","-1.2","97.2","0.11","1.37"
"","2020-08-20","CB Bucknor","STL","CIN","5","4","177","10","12.7","167","164.3","2.7","94.4","92.8","1.5","96","0.29","1.09"
"","2020-08-11","CB Bucknor","CIN","KC","6","5","185","17","12","168","173","-5","90.8","93.5","-2.7","89.7","0.59","2.25"
"","2020-08-06","CB Bucknor","PIT","MIN","6","5","135","7","6","128","129","-1","94.8","95.6","-0.7","93.3","0.67","0.89"
"","2020-07-29","CB Bucknor","PIT","MIL","0","3","144","13","8.7","131","135.3","-4.3","91","93.9","-3","90.3","0.46","1.72"
"","2020-07-25","CB Bucknor","CHC","MIL","3","8","174","17","12.1","157","161.9","-4.9","90.2","93","-2.8","93.7","-0.47","1.91"
"","2019-09-26","CB Bucknor","TEX","BOS","7","5","158","15","7.4","143","150.6","-7.6","90.5","95.3","-4.8","93","0.47","2.37"
"","2019-09-21","CB Bucknor","LAD","COL","2","4","144","11","11.8","133","132.2","0.8","92.4","91.8","0.5","95.8","0.07","1.19"
"","2019-09-16","CB Bucknor","OAK","KC","5","6","194","17","13","177","181","-4","91.2","93.3","-2.1","93.3","0.69","2.07"
"","2019-09-14","CB Bucknor","SF","MIA","2","4","111","9","8.2","102","102.8","-0.8","91.9","92.6","-0.7","95.5","-0.2","0.82"
"","2019-09-10","CB Bucknor","SD","CHC","9","8","195","15","16.7","180","178.3","1.7","92.3","91.4","0.9","92.3","-0.76","1.66"
"","2019-09-06","CB Bucknor","NYM","PHI","5","4","174","15","14.2","159","159.8","-0.8","91.4","91.8","-0.4","93.7","-0.41","2.07"
"","2019-08-25","CB Bucknor","PIT","CIN","9","8","172","10","10.3","162","161.7","0.3","94.2","94","0.1","95.9","0.51","1.31"
"","2019-08-19","CB Bucknor","TB","SEA","3","9","151","10","10.4","141","140.6","0.4","93.4","93.1","0.3","93.4","-1.35","2.29"
"","2019-08-13","CB Bucknor","COL","AZ","3","9","168","16","12","152","156","-4","90.5","92.9","-2.4","95.2","-0.06","1.74"
"","2019-08-09","CB Bucknor","SF","PHI","6","9","161","15","10.6","146","150.4","-4.4","90.7","93.4","-2.8","93.8","0.58","3.18"
"","2019-08-05","CB Bucknor","CHC","OAK","6","5","157","14","15.9","143","141.1","1.9","91.1","89.9","1.2","91.1","0.71","1.55"
"","2019-07-19","CB Bucknor","TB","CWS","2","9","163","15","10.9","148","152.1","-4.1","90.8","93.3","-2.5","92.6","0.82","1.82"
"","2019-07-13","CB Bucknor","LAA","SEA","9","2","174","11","11","163","163","0","93.7","93.7","0","92.5","0.05","1.15"
"","2019-07-05","CB Bucknor","AZ","COL","8","0","139","16","9.5","123","129.5","-6.5","88.5","93.2","-4.7","92.8","-0.56","2.68"
"","2019-06-22","CB Bucknor","SEA","BAL","4","8","199","21","17","178","182","-4","89.4","91.4","-2","92","0.34","2.56"
"","2019-06-18","CB Bucknor","SD","MIL","4","1","137","21","15","116","122","-6","84.7","89.1","-4.4","89.1","-0.79","3.23"
"","2019-06-14","CB Bucknor","LAD","CHC","5","3","163","15","11.2","148","151.8","-3.8","90.8","93.1","-2.3","91.4","0.52","2.32"
"","2019-06-02","CB Bucknor","CWS","CLE","2","0","120","12","8.8","108","111.2","-3.2","90","92.6","-2.6","90","-0.44","1.28"
"","2019-05-29","CB Bucknor","HOU","CHC","1","2","145","15","9.3","130","135.7","-5.7","89.7","93.6","-3.9","92.4","1.51","2.41"
"","2019-05-25","CB Bucknor","KC","NYY","3","7","128","7","9.8","121","118.2","2.8","94.5","92.4","2.2","94.5","0.14","0.84"
"","2019-05-22","CB Bucknor","DET","MIA","3","6","137","5","9.2","132","127.8","4.2","96.4","93.3","3.1","92.7","0.17","0.43"
"","2019-05-17","CB Bucknor","SD","PIT","3","5","146","8","12.1","138","133.9","4.1","94.5","91.7","2.8","93.8","-0.21","0.93"
"","2019-05-12","CB Bucknor","SF","CIN","6","5","138","15","10","123","128","-5","89.1","92.8","-3.6","89.9","0.47","2.09"
"","2019-05-07","CB Bucknor","MIL","WSH","6","0","150","11","7.9","139","142.1","-3.1","92.7","94.7","-2.1","94.7","0.28","1.56"
"","2019-05-03","CB Bucknor","CWS","BOS","1","6","ND","ND","ND","ND","ND","ND","ND","ND","ND","ND","ND","ND"
"","2019-04-21","CB Bucknor","MIA","WSH","0","5","144","8","8.1","136","135.9","0.1","94.4","94.4","0.1","93.8","-0.11","0.73"
"","2019-04-17","CB Bucknor","TB","BAL","8","1","147","7","9.6","140","137.4","2.6","95.2","93.5","1.8","95.9","0.51","1.77"
"","2019-04-12","CB Bucknor","SF","COL","3","2","255","23","17.9","232","237.1","-5.1","91","93","-2","91","0.5","2.96"
"","2019-03-31","CB Bucknor","NYY","BAL","5","7","235","23","17.7","212","217.3","-5.3","90.2","92.5","-2.3","91.1","-0.12","3.54"
"","2018-09-30","CB Bucknor","CIN","PIT","5","6","151","8","6.7","143","144.3","-1.3","94.7","95.5","-0.8","93.4","-0.42","0.86"
"","2018-09-26","CB Bucknor","NYM","ATL","3","0","134","7","5.4","127","128.6","-1.6","94.8","95.9","-1.2","92.5","-0.22","0.72"
"","2018-09-14","CB Bucknor","SD","TEX","0","4","139","6","6","133","133","0","95.7","95.7","0","95","0.11","0.49"
"","2018-09-10","CB Bucknor","COL","AZ","13","2","121","8","7.4","113","113.6","-0.6","93.4","93.9","-0.5","92.6","0.36","1.26"
"","2018-09-05","CB Bucknor","WSH","STL","6","7","166","9","10.3","157","155.7","1.3","94.6","93.8","0.8","94.6","0.33","0.89"
"","2018-08-25","CB Bucknor","MIA","ATL","3","1","149","11","11.4","138","137.6","0.4","92.6","92.4","0.2","96","0.7","1.02"
"","2018-08-21","CB Bucknor","CWS","MIN","2","5","165","12","11","153","154","-1","92.7","93.3","-0.6","90.9","0.67","1.57"
"","2018-08-17","CB Bucknor","TEX","LAA","6","4","140","6","8.4","134","131.6","2.4","95.7","94","1.7","95.7","-0.18","0.48"
"","2018-08-12","CB Bucknor","SF","PIT","4","3","129*","11*","8.1*","118*","120.9*","-2.9*","91.5*","93.7*","-2.2*","93.8*","-0.02*","1.82*"
"","2018-08-08","CB Bucknor","AZ","PHI","6","0","141","14","8.8","127","132.2","-5.2","90.1","93.8","-3.7","92.9","0.19","1.41"
"","2018-08-04","CB Bucknor","CHC","SD","5","4","152","10","11.6","142","140.4","1.6","93.4","92.4","1","90.1","0.12","1.4"
"","2018-07-31","CB Bucknor","MIN","CLE","2","6","164","19","12.2","145","151.8","-6.8","88.4","92.6","-4.1","89.6","0.55","2.45"
"","2018-07-27","CB Bucknor","CWS","TOR","5","10","179","16","16.2","163","162.8","0.2","91.1","91","0.1","91.1","-0.58","2.04"
"","2018-07-22","CB Bucknor","WSH","ATL","6","2","156","4","9.3","152","146.7","5.3","97.4","94","3.4","92.9","0.01","0.59"
"","2018-07-06","CB Bucknor","SF","STL","3","2","131","13","11","118","120","-2","90.1","91.6","-1.6","90.8","-0.26","1.16"
"","2018-07-02","CB Bucknor","KC","CLE","3","9","133","16","8.7","117","124.3","-7.3","88","93.5","-5.5","92.5","-0.21","1.59"
"","2018-06-27","CB Bucknor","NYM","PIT","3","5","136","13","9.2","123","126.8","-3.8","90.4","93.3","-2.8","94.1","0.96","1.52"
"","2018-06-16","CB Bucknor","BAL","MIA","4","5","146","14","12.2","132","133.8","-1.8","90.4","91.7","-1.3","87.7","-0.07","1.45"
"","2018-06-10","CB Bucknor","PHI","MIL","4","3","154","10","11.6","144","142.4","1.6","93.5","92.5","1","95.5","0.27","1.27"
"","2018-06-06","CB Bucknor","MIN","CWS","2","5","188","14","11.7","174","176.3","-2.3","92.6","93.8","-1.2","92.6","0.68","2.12"
"","2018-06-02","CB Bucknor","LAA","TEX","2","3","150","12","10.1","138","139.9","-1.9","92","93.3","-1.3","94","0.8","1.56"
"","2018-05-28","CB Bucknor","AZ","CIN","12","5","167","8","7.7","159","159.3","-0.3","95.2","95.4","-0.2","95.2","0.4","0.84"
"","2018-05-24","CB Bucknor","OAK","SEA","4","3","137","15","10.7","122","126.3","-4.3","89.1","92.2","-3.1","91.2","-0.47","1.89"
"","2018-05-19","CB Bucknor","SF","COL","9","4","145","12","13.4","133","131.6","1.4","91.7","90.8","1","90.3","0.19","1.21"
"","2018-05-05","CB Bucknor","TB","TOR","5","3","168","14","12.3","154","155.7","-1.7","91.7","92.7","-1","89.9","0.82","2"
"","2018-04-30","CB Bucknor","BOS","KC","10","6","164","17","11.7","147","152.3","-5.3","89.6","92.9","-3.3","92.1","0.22","2.84"
"","2018-04-26","CB Bucknor","CIN","ATL","4","7","131","18","12.5","113","118.5","-5.5","86.3","90.5","-4.2","89.3","0.49","1.63"
"","2018-04-09","CB Bucknor","WSH","ATL","2","0","116","8","7.6","108","108.4","-0.4","93.1","93.4","-0.3","93.1","-0.22","1.66"
"","2018-04-01","CB Bucknor","NYM","STL","1","5","192*","18*","17.3*","174*","174.7*","-0.7*","90.6*","91*","-0.4*","91.7*","-0.71*","2.45*"
"","2017-09-23","CB Bucknor","TOR","NYY","1","5","157","10","11.9","147","145.1","1.9","93.6","92.4","1.2","91.7","0.29","1.67"
"","2017-09-17","CB Bucknor","ATL","NYM","1","5","161","23","11.9","138","149.1","-11.1","85.7","92.6","-6.9","87.6","-0.01","2.83"
"","2017-09-13","CB Bucknor","PHI","MIA","8","1","124","6","8.6","118","115.4","2.6","95.2","93.1","2.1","95.2","0.04","0.7"
"","2017-09-08","CB Bucknor","TEX","NYY","11","5","169","12","13.1","157","155.9","1.1","92.9","92.2","0.7","91.7","0.61","1.15"
"","2017-09-04","CB Bucknor","CWS","CLE","3","5","155","21","12.3","134","142.7","-8.7","86.5","92.1","-5.6","89","-0.71","2.23"
"","2017-08-31","CB Bucknor","CHC","ATL","6","2","165","24","16.5","141","148.5","-7.5","85.5","90","-4.5","85.5","-0.34","2.42"
"","2017-08-27","CB Bucknor","STL","TB","2","3","151","11","11","140","140","0","92.7","92.7","0","96","-0.92","1.36"
"","2017-08-22","CB Bucknor","SF","MIL","3","4","167*","14*","15.1*","153*","151.9*","1.1*","91.6*","91*","0.6*","93.4*","-0.37*","1.43*"
"","2017-08-10","CB Bucknor","WSH","MIA","3","2","138","10","11.9","128","126.1","1.9","92.8","91.4","1.4","94.2","0.45","1.13"
"","2017-07-28","CB Bucknor","DET","HOU","5","6","148","10","11.8","138","136.2","1.8","93.2","92","1.2","95.9","-0.36","0.98"
"","2017-07-23","CB Bucknor","KC","CWS","5","4","142*","16*","10.8*","126*","131.2*","-5.2*","88.7*","92.4*","-3.7*","89.4*","-0.57*","1.47*"
"","2017-07-17","CB Bucknor","ATL","CHC","3","4","153","16","12.1","137","140.9","-3.9","89.5","92.1","-2.5","94.8","0.89","2.43"
"","2017-07-08","CB Bucknor","SEA","OAK","3","4","142","11","13.8","131","128.2","2.8","92.3","90.3","2","94.4","-0.75","1.91"
"","2017-07-04","CB Bucknor","CHC","TB","5","6","160","14","13.5","146","146.5","-0.5","91.2","91.6","-0.3","95","-1.67","2.75"
"","2017-06-24","CB Bucknor","LAD","COL","4","0","170","8","10.7","162","159.3","2.7","95.3","93.7","1.6","95.3","-0.12","1.24"
"","2017-06-20","CB Bucknor","SEA","DET","5","4","182","12","15","170","167","3","93.4","91.8","1.6","90.7","0.76","2"
"","2017-06-16","CB Bucknor","LAA","KC","1","3","131","11","9.8","120","121.2","-1.2","91.6","92.6","-1","93.9","0.67","1.21"
"","2017-06-12","CB Bucknor","HOU","TEX","1","6","153","13","11.6","140","141.4","-1.4","91.5","92.4","-0.9","91.5","-0.12","1.36"
"","2017-05-29","CB Bucknor","NYM","MIL","4","2","148","13","13.1","135","134.9","0.1","91.2","91.2","0.1","95.3","0.17","1.55"
"","2017-05-18","CB Bucknor","DET","BAL","6","5","149","12","13.2","137","135.8","1.2","91.9","91.2","0.8","91.9","0.25","1.53"
"","2017-05-13","CB Bucknor","CLE","MIN","1","4","148","10","9.4","138","138.6","-0.6","93.2","93.7","-0.4","92.6","-0.06","1.6"
"","2017-04-28","CB Bucknor","KC","MIN","4","6","159","16","13.4","143","145.6","-2.6","89.9","91.6","-1.6","92.5","1.13","2.37"
"","2017-04-22","CB Bucknor","TB","HOU","6","3","144","15","8.3","129","135.7","-6.7","89.6","94.2","-4.7","92.4","-0.88","1.92"
"","2017-04-18","CB Bucknor","ATL","WSH","1","3","154","20","13.4","134","140.6","-6.6","87","91.3","-4.3","89","1.14","4.48"
"","2017-04-12","CB Bucknor","SF","AZ","6","2","178*","18*","15.5*","160*","162.5*","-2.5*","89.9*","91.3*","-1.4*","93.3*","-0.11*","1.83*"
"","2016-10-02","CB Bucknor","NYY","BAL","2","5","129","10","14.8","119","114.2","4.8","92.2","88.5","3.8","90.7","-0.91","2.19"
"","2016-09-28","CB Bucknor","WSH","AZ","0","3","98","7","8","91","90","1","92.9","91.8","1","99","-0.05","2.03"
"","2016-09-23","CB Bucknor","CHC","STL","5","0","161","9","12","152","149","3","94.4","92.6","1.8","93.2","-0.06","1.14"
"","2016-09-18","CB Bucknor","LAA","TOR","4","0","167","10","10.8","157","156.2","0.8","94","93.5","0.5","96.4","-0.51","2.05"
"","2016-09-14","CB Bucknor","WSH","NYM","1","0","127*","12*","11.9*","115*","115.1*","-0.1*","90.6*","90.6*","-0.1*","89*","0.01*","1.19*"
"","2016-09-09","CB Bucknor","HOU","CHC","0","2","139","13","12.8","126","126.2","-0.2","90.6","90.8","-0.1","95","-1","1.22"
"","2016-08-28","CB Bucknor","STL","OAK","4","7","130","14","13.2","116","116.8","-0.8","89.2","89.9","-0.6","90.8","0","1.54"
"","2016-08-24","CB Bucknor","MIN","DET","4","9","155","12","14.5","143","140.5","2.5","92.3","90.6","1.6","91","-0.67","1.45"
"","2016-08-20","CB Bucknor","CIN","LAD","11","1","140","13","11.9","127","128.1","-1.1","90.7","91.5","-0.8","93.6","0.22","1.62"
"","2016-08-15","CB Bucknor","TB","SD","8","2","151","12","15.1","139","135.9","3.1","92.1","90","2.1","93.4","0.33","1.13"
"","2016-08-02","CB Bucknor","CLE","MIN","6","10","177","13","10.8","164","166.2","-2.2","92.7","93.9","-1.2","92.7","-0.07","1.03"
"","2016-07-27","CB Bucknor","BOS","DET","3","4","129","17","12.7","112","116.3","-4.3","86.8","90.2","-3.3","90.7","1.39","2.27"
"","2016-07-22","CB Bucknor","MIL","CHC","2","5","153","12","13.5","141","139.5","1.5","92.2","91.2","1","92.8","-0.43","1.51"
"","2016-07-17","CB Bucknor","LAA","CWS","8","1","129","15","8.7","114","120.3","-6.3","88.4","93.2","-4.9","94.6","0.27","1.83"
"","2016-07-09","CB Bucknor","KC","SEA","5","3","129","6","10.1","123","118.9","4.1","95.3","92.2","3.2","95.3","-0.21","0.85"
"","2016-07-05","CB Bucknor","MIN","OAK","11","4","178","16","17","162","161","1","91","90.5","0.6","93.8","-0.1","2"
"","2016-06-24","CB Bucknor","DET","CLE","5","7","155","14","13.4","141","141.6","-0.6","91","91.3","-0.4","93.5","0.15","2.15"
"","2016-06-20","CB Bucknor","PIT","SF","1","0","100","7","8.6","93","91.4","1.6","93","91.4","1.6","92","0.05","0.67"
"","2016-06-08","CB Bucknor","BAL","KC","4","0","131*","8*","10.4*","123*","120.6*","2.4*","93.9*","92*","1.8*","96.2*","0.1*","0.74*"
"","2016-06-04","CB Bucknor","PHI","MIL","3","6","171","8","15.3","163","155.7","7.3","95.3","91","4.3","92.4","0.64","1.14"
"","2016-05-31","CB Bucknor","TOR","NYY","4","1","149","9","14.7","140","134.3","5.7","94","90.1","3.9","93.3","0.15","0.85"
"","2016-05-25","CB Bucknor","STL","CHC","8","9","171","16","17.3","155","153.7","1.3","90.6","89.9","0.8","92.4","0.45","3.07"
"","2016-05-21","CB Bucknor","HOU","TEX","1","2","116","6","9.1","110","106.9","3.1","94.8","92.2","2.7","92.2","-0.16","0.4"
"","2016-05-16","CB Bucknor","AZ","NYY","12","2","156","14","12.8","142","143.2","-1.2","91","91.8","-0.8","92.3","-0.53","1.59"
"","2016-05-08","CB Bucknor","SF","COL","0","2","139","10","15","129","124","5","92.8","89.2","3.6","95","-0.87","2.03"
"","2016-05-04","CB Bucknor","KC","WSH","2","13","148","14","18.4","134","129.6","4.4","90.5","87.6","3","90.5","1.25","2.87"
"","2016-04-29","CB Bucknor","CHC","ATL","6","1","143","11","15.5","132","127.5","4.5","92.3","89.2","3.1","89.5","0.22","1.52"
"","2016-04-17","CB Bucknor","TB","CWS","3","2","125","13","16.4","112","108.6","3.4","89.6","86.9","2.7","96.8","0.07","1.43"
"","2016-04-12","CB Bucknor","BOS","BAL","5","9","173","16","15.8","157","157.2","-0.2","90.8","90.9","-0.1","92.5","0.15","1.47"
"","2015-10-02","CB Bucknor","LAD","SD","6","2","129","11","14.5","118","114.5","3.5","91.5","88.8","2.7","90.7","0.62","1.58"
"","2015-09-20","CB Bucknor","TB","BAL","7","6","142","12","12.9","130","129.1","0.9","91.5","90.9","0.6","97.9","0.3","1.98"
"","2015-09-16","CB Bucknor","NYM","MIA","0","6","146","13","14.2","133","131.8","1.2","91.1","90.3","0.8","93.2","1.14","1.48"
"","2015-09-05","CB Bucknor","BOS","PHI","9","2","145","5","9.9","140","135.1","4.9","96.6","93.1","3.4","94.5","-0.11","0.31"
"","2015-09-01","CB Bucknor","MIN","CWS","8","6","145","16","14.6","129","130.4","-1.4","89","90","-1","88.3","-1.15","1.81"
"","2015-08-27","CB Bucknor","DET","LAA","0","2","136","13","14.3","123","121.7","1.3","90.4","89.5","1","92.6","0.05","1.93"
"","2015-08-21","CB Bucknor","NYY","CLE","3","7","150","11","14.2","139","135.8","3.2","92.7","90.5","2.1","93.3","0.71","1.37"
"","2015-08-16","CB Bucknor","COL","SD","5","0","104","7","13","97","91","6","93.3","87.5","5.8","95.2","0.04","0.46"
"","2015-08-11","CB Bucknor","LAD","WSH","5","0","146","14","17.4","132","128.6","3.4","90.4","88.1","2.3","94.5","0.58","1.98"
"","2015-08-01","CB Bucknor","HOU","AZ","9","2","166*","17*","14.7*","149*","151.3*","-2.3*","89.8*","91.2*","-1.4*","94.6*","0.68*","3.06*"
"","2015-07-28","CB Bucknor","NYM","SD","4","0","126","9","11.9","117","114.1","2.9","92.9","90.6","2.3","89.7","-0.37","1.05"
"","2015-07-05","CB Bucknor","NYY","TB","1","8","164","14","13.2","150","150.8","-0.8","91.5","92","-0.5","95.7","-0.79","1.65"
"","2015-07-01","CB Bucknor","ATL","WSH","4","1","137","11","13.6","126","123.4","2.6","92","90.1","1.9","94.2","-0.15","0.83"
"","2015-06-19","CB Bucknor","TOR","BAL","5","4","163","13","17.3","150","145.7","4.3","92","89.4","2.7","93.9","0.93","2.21"
"","2015-06-15","CB Bucknor","MIA","NYY","2","1","132","8","12.6","124","119.4","4.6","93.9","90.5","3.5","97.7","-0.01","0.77"
"","2015-06-11","CB Bucknor","CLE","SEA","6","0","140","13","10.3","127","129.7","-2.7","90.7","92.7","-2","92.9","0.15","2.23"
"","2015-06-06","CB Bucknor","LAD","STL","2","0","104","9","10.8","95","93.2","1.8","91.3","89.6","1.8","93.3","0.42","1.04"
"","2015-06-02","CB Bucknor","SD","NYM","7","2","151","18","15.6","133","135.4","-2.4","88.1","89.6","-1.6","89.4","0.58","2.24"
"","2015-05-29","CB Bucknor","SF","ATL","4","2","124","14","13.8","110","110.2","-0.2","88.7","88.9","-0.2","93.5","-0.14","2.02"
"","2015-05-25","CB Bucknor","MIN","BOS","7","2","142","13","15","129","127","2","90.8","89.4","1.4","95.8","-0.6","1.16"
"","2015-05-15","CB Bucknor","MIA","ATL","3","5","155*","14*","16.8*","141*","138.2*","2.8*","91*","89.1*","1.8*","94.2*","0.14*","2.16*"
"","2015-05-11","CB Bucknor","PHI","PIT","3","4","129","12","11.4","117","117.6","-0.6","90.7","91.2","-0.5","92.2","0.47","1.49"
"","2015-04-30","CB Bucknor","KC","DET","8","1","141*","13*","15.6*","128*","125.4*","2.6*","90.8*","88.9*","1.8*","95*","-0.51*","2.09*"
"","2015-04-26","CB Bucknor","MIL","STL","6","3","149","10","14.1","139","134.9","4.1","93.3","90.6","2.7","89.3","0.79","1.83"
"","2015-04-21","CB Bucknor","SEA","HOU","3","6","169","17","18.9","152","150.1","1.9","89.9","88.8","1.1","92.9","-0.71","2.19"
"","2015-04-16","CB Bucknor","SF","AZ","6","7","202","19","19.1","183","182.9","0.1","90.6","90.5","0.1","93.6","1.01","2.83"
"","2015-04-13","CB Bucknor","TEX","LAA","3","6","156","17","16.1","139","139.9","-0.9","89.1","89.7","-0.6","90.4","-1.18","2.7"
"","2015-04-08","CB Bucknor","MIL","COL","4","5","146","24","16.6","122","129.4","-7.4","83.6","88.6","-5.1","87.7","-0.03","2.65"